{
  "xapp_name": "x1",
  "duration_s": 5.009999999999938,
  "num_samples": 20,
  "parameters": {
    "eMBB": {
      "mean": 20.4,
      "std": 1.3564659966250538,
      "min": 18,
      "max": 24
    },
    "URLLC": {
      "mean": 14.7,
      "std": 0.9539392014169457,
      "min": 14,
      "max": 16
    },
    "mMTC": {
      "mean": 14.9,
      "std": 1.6093476939431082,
      "min": 12,
      "max": 18
    }
  },
  "ecdf": {
    "eMBB": {
      "x": [
        18,
        18,
        20,
        20,
        20,
        20,
        20,
        20,
        20,
        20,
        20,
        20,
        20,
        20,
        20,
        22,
        22,
        22,
        22,
        24
      ],
      "y": [
        0.05,
        0.1,
        0.15,
        0.2,
        0.25,
        0.3,
        0.35,
        0.4,
        0.45,
        0.5,
        0.55,
        0.6,
        0.65,
        0.7,
        0.75,
        0.8,
        0.85,
        0.9,
        0.95,
        1.0
      ]
    },
    "URLLC": {
      "x": [
        14,
        14,
        14,
        14,
        14,
        14,
        14,
        14,
        14,
        14,
        14,
        14,
        14,
        16,
        16,
        16,
        16,
        16,
        16,
        16
      ],
      "y": [
        0.05,
        0.1,
        0.15,
        0.2,
        0.25,
        0.3,
        0.35,
        0.4,
        0.45,
        0.5,
        0.55,
        0.6,
        0.65,
        0.7,
        0.75,
        0.8,
        0.85,
        0.9,
        0.95,
        1.0
      ]
    },
    "mMTC": {
      "x": [
        12,
        12,
        12,
        14,
        14,
        14,
        14,
        14,
        14,
        16,
        16,
        16,
        16,
        16,
        16,
        16,
        16,
        16,
        16,
        18
      ],
      "y": [
        0.05,
        0.1,
        0.15,
        0.2,
        0.25,
        0.3,
        0.35,
        0.4,
        0.45,
        0.5,
        0.55,
        0.6,
        0.65,
        0.7,
        0.75,
        0.8,
        0.85,
        0.9,
        0.95,
        1.0
      ]
    }
  }
}