{
  "xapp_name": "x2",
  "duration_s": 5.009999999999938,
  "num_samples": 20,
  "parameters": {
    "eMBB": {
      "mean": 15.3,
      "std": 1.307669683062202,
      "min": 12,
      "max": 18
    },
    "URLLC": {
      "mean": 19.6,
      "std": 1.4966629547095764,
      "min": 18,
      "max": 22
    },
    "mMTC": {
      "mean": 15.1,
      "std": 2.406241883103193,
      "min": 12,
      "max": 20
    }
  },
  "ecdf": {
    "eMBB": {
      "x": [
        12,
        14,
        14,
        14,
        14,
        14,
        14,
        16,
        16,
        16,
        16,
        16,
        16,
        16,
        16,
        16,
        16,
        16,
        16,
        18
      ],
      "y": [
        0.05,
        0.1,
        0.15,
        0.2,
        0.25,
        0.3,
        0.35,
        0.4,
        0.45,
        0.5,
        0.55,
        0.6,
        0.65,
        0.7,
        0.75,
        0.8,
        0.85,
        0.9,
        0.95,
        1.0
      ]
    },
    "URLLC": {
      "x": [
        18,
        18,
        18,
        18,
        18,
        18,
        18,
        18,
        20,
        20,
        20,
        20,
        20,
        20,
        20,
        20,
        22,
        22,
        22,
        22
      ],
      "y": [
        0.05,
        0.1,
        0.15,
        0.2,
        0.25,
        0.3,
        0.35,
        0.4,
        0.45,
        0.5,
        0.55,
        0.6,
        0.65,
        0.7,
        0.75,
        0.8,
        0.85,
        0.9,
        0.95,
        1.0
      ]
    },
    "mMTC": {
      "x": [
        12,
        12,
        12,
        12,
        12,
        14,
        14,
        14,
        14,
        14,
        16,
        16,
        16,
        16,
        16,
        18,
        18,
        18,
        18,
        20
      ],
      "y": [
        0.05,
        0.1,
        0.15,
        0.2,
        0.25,
        0.3,
        0.35,
        0.4,
        0.45,
        0.5,
        0.55,
        0.6,
        0.65,
        0.7,
        0.75,
        0.8,
        0.85,
        0.9,
        0.95,
        1.0
      ]
    }
  }
}