{
  "xapp_name": "x4",
  "duration_s": 5.009999999999938,
  "num_samples": 20,
  "parameters": {
    "eMBB": {
      "mean": 22.4,
      "std": 1.3564659966250538,
      "min": 20,
      "max": 26
    },
    "URLLC": {
      "mean": 17.6,
      "std": 1.4966629547095764,
      "min": 16,
      "max": 20
    },
    "mMTC": {
      "mean": 10.0,
      "std": 2.3664319132398464,
      "min": 6,
      "max": 14
    }
  },
  "ecdf": {
    "eMBB": {
      "x": [
        20,
        20,
        22,
        22,
        22,
        22,
        22,
        22,
        22,
        22,
        22,
        22,
        22,
        22,
        22,
        24,
        24,
        24,
        24,
        26
      ],
      "y": [
        0.05,
        0.1,
        0.15,
        0.2,
        0.25,
        0.3,
        0.35,
        0.4,
        0.45,
        0.5,
        0.55,
        0.6,
        0.65,
        0.7,
        0.75,
        0.8,
        0.85,
        0.9,
        0.95,
        1.0
      ]
    },
    "URLLC": {
      "x": [
        16,
        16,
        16,
        16,
        16,
        16,
        16,
        16,
        18,
        18,
        18,
        18,
        18,
        18,
        18,
        18,
        20,
        20,
        20,
        20
      ],
      "y": [
        0.05,
        0.1,
        0.15,
        0.2,
        0.25,
        0.3,
        0.35,
        0.4,
        0.45,
        0.5,
        0.55,
        0.6,
        0.65,
        0.7,
        0.75,
        0.8,
        0.85,
        0.9,
        0.95,
        1.0
      ]
    },
    "mMTC": {
      "x": [
        6,
        6,
        6,
        8,
        8,
        8,
        8,
        10,
        10,
        10,
        10,
        12,
        12,
        12,
        12,
        12,
        12,
        12,
        12,
        14
      ],
      "y": [
        0.05,
        0.1,
        0.15,
        0.2,
        0.25,
        0.3,
        0.35,
        0.4,
        0.45,
        0.5,
        0.55,
        0.6,
        0.65,
        0.7,
        0.75,
        0.8,
        0.85,
        0.9,
        0.95,
        1.0
      ]
    }
  }
}