{
  "xapp_name": "x5",
  "duration_s": 5.009999999999938,
  "num_samples": 20,
  "parameters": {
    "eMBB": {
      "mean": 16.4,
      "std": 1.3564659966250538,
      "min": 14,
      "max": 20
    },
    "URLLC": {
      "mean": 15.6,
      "std": 1.4966629547095767,
      "min": 14,
      "max": 18
    },
    "mMTC": {
      "mean": 18.0,
      "std": 2.3664319132398464,
      "min": 14,
      "max": 22
    }
  },
  "ecdf": {
    "eMBB": {
      "x": [
        14,
        14,
        16,
        16,
        16,
        16,
        16,
        16,
        16,
        16,
        16,
        16,
        16,
        16,
        16,
        18,
        18,
        18,
        18,
        20
      ],
      "y": [
        0.05,
        0.1,
        0.15,
        0.2,
        0.25,
        0.3,
        0.35,
        0.4,
        0.45,
        0.5,
        0.55,
        0.6,
        0.65,
        0.7,
        0.75,
        0.8,
        0.85,
        0.9,
        0.95,
        1.0
      ]
    },
    "URLLC": {
      "x": [
        14,
        14,
        14,
        14,
        14,
        14,
        14,
        14,
        16,
        16,
        16,
        16,
        16,
        16,
        16,
        16,
        18,
        18,
        18,
        18
      ],
      "y": [
        0.05,
        0.1,
        0.15,
        0.2,
        0.25,
        0.3,
        0.35,
        0.4,
        0.45,
        0.5,
        0.55,
        0.6,
        0.65,
        0.7,
        0.75,
        0.8,
        0.85,
        0.9,
        0.95,
        1.0
      ]
    },
    "mMTC": {
      "x": [
        14,
        14,
        14,
        16,
        16,
        16,
        16,
        18,
        18,
        18,
        18,
        20,
        20,
        20,
        20,
        20,
        20,
        20,
        20,
        22
      ],
      "y": [
        0.05,
        0.1,
        0.15,
        0.2,
        0.25,
        0.3,
        0.35,
        0.4,
        0.45,
        0.5,
        0.55,
        0.6,
        0.65,
        0.7,
        0.75,
        0.8,
        0.85,
        0.9,
        0.95,
        1.0
      ]
    }
  }
}